{"cameraMode":{"drawMode":0,"name":"Shaded","section":"Shading Mode"},"sceneLighting":false,"audioPlay":false,"sceneViewState":{"m_AlwaysRefresh":false,"showFog":true,"showSkybox":false,"showFlares":true,"showImageEffects":true,"showParticleSystems":true,"showVisualEffectGraphs":true,"m_FxEnabled":true},"in2DMode":false,"pivot":{"x":0.002343893051147461,"y":-0.2875062823295593,"z":0.0016446113586425782},"rotation":{"x":-0.14354325830936433,"y":-0.15313604474067689,"z":0.022491175681352617,"w":-0.9774698615074158},"size":1.4702616930007935,"orthographic":false}